{"stats":{"minecraft:custom":{"minecraft:mob_kills":24,"minecraft:interact_with_crafting_table":21,"minecraft:open_barrel":2,"minecraft:damage_dealt_resisted":1252,"minecraft:leave_game":1,"minecraft:time_since_death":3579,"minecraft:climb_one_cm":3859,"minecraft:sprint_one_cm":478064,"minecraft:walk_one_cm":339431,"minecraft:drop":18,"minecraft:talked_to_villager":3,"minecraft:play_time":110670,"minecraft:sneak_time":15348,"minecraft:deaths":6,"minecraft:walk_under_water_one_cm":24652,"minecraft:jump":3456,"minecraft:walk_on_water_one_cm":29604,"minecraft:total_world_time":110670,"minecraft:interact_with_furnace":4,"minecraft:sleep_in_bed":5,"minecraft:time_since_rest":2708,"minecraft:damage_taken":5773,"minecraft:trigger_trapped_chest":2,"minecraft:damage_dealt":5179,"minecraft:swim_one_cm":34170,"minecraft:fly_one_cm":910159,"minecraft:open_chest":15,"minecraft:crouch_one_cm":77539,"tombstone:undead_killed":7,"minecraft:fall_one_cm":84373},"minecraft:used":{"gobber2:gobber2_goo":5,"minecraft:acacia_log":1,"minecraft:stone_shovel":6,"gobber2:gobber2_gooey_bread":8,"minecraft:iron_sword":2,"minecraft:torch":15,"minecraft:dirt":16,"minecraft:tuff":1,"soulslikeuniverse:estusflask":1,"gobber2:gobber2_gooey_beef":11,"minecraft:magma_block":1,"minecraft:furnace":1,"tombstone:gift":2,"minecraft:cobbled_deepslate":26,"minecraft:acacia_planks":61,"epicfight:skillbook":2,"minecraft:water_bucket":33,"minecraft:diorite":15,"minecraft:stone_pickaxe":116,"minecraft:wooden_pickaxe":3,"minecraft:green_bed":7,"minecraft:rail":1,"minecraft:crafting_table":7,"gobber2:gobber2_gooey_beefstew":4,"minecraft:bread":34,"minecraft:iron_pickaxe":170,"iceandfire:graveyard_soil":1,"minecraft:stone_axe":63,"minecraft:diamond_sword":76,"minecraft:cobblestone":128,"minecraft:andesite":26,"minecraft:bucket":35,"alexsmobs:animal_dictionary":2,"soulslikeuniverse:dagger":113},"minecraft:crafted":{"minecraft:stone_shovel":1,"minecraft:furnace":1,"minecraft:stone_pickaxe":1,"minecraft:wheat":171,"minecraft:crafting_table":6,"minecraft:wooden_pickaxe":1,"minecraft:bucket":2,"minecraft:stone_axe":1,"minecraft:bread":57,"minecraft:air":0,"minecraft:stick":16,"minecraft:iron_ingot":5,"minecraft:iron_pickaxe":1,"minecraft:acacia_planks":216},"minecraft:mined":{"minecraft:tuff":1,"iceandfire:graveyard_soil":6,"minecraft:deepslate_diamond_ore":2,"alexsmobs:leafcutter_anthill":1,"minecraft:glow_lichen":1,"biomesoplenty:bush":2,"minecraft:acacia_log":57,"minecraft:grass_block":8,"gobber2:gobber2_lucky_block":7,"minecraft:spawner":1,"minecraft:large_fern":1,"minecraft:hay_block":20,"minecraft:magma_block":1,"minecraft:iron_ore":2,"minecraft:fire":1,"minecraft:andesite":29,"minecraft:deepslate_iron_ore":11,"minecraft:vine":1,"minecraft:stone":143,"minecraft:green_bed":7,"minecraft:acacia_leaves":16,"minecraft:crafting_table":1,"minecraft:rose_bush":2,"minecraft:copper_ore":1,"minecraft:tall_grass":7,"minecraft:cobblestone":18,"minecraft:deepslate_gold_ore":9,"minecraft:diorite":15,"supplementaries:urn":5,"minecraft:coarse_dirt":1,"gobber2:gobber2_lucky_block_deepslate":14,"minecraft:grass":33,"minecraft:coal_ore":4,"minecraft:sunflower":1,"minecraft:dirt":10,"minecraft:cobweb":2,"minecraft:gold_ore":2,"minecraft:fern":6,"minecraft:oak_leaves":2,"minecraft:deepslate":21},"minecraft:picked_up":{"minecraft:crafting_table":1,"minecraft:iron_chestplate":1,"minecraft:brewing_stand":1,"minecraft:string":2,"minecraft:raw_copper":5,"minecraft:iron_leggings":1,"born_in_chaos_v1:intoxicating_decoction":1,"iceandfire:graveyard_soil":1,"ancient_elements:aetherial_shard":2,"minecraft:cobbled_deepslate":26,"minecraft:rose_bush":1,"minecraft:iron_nugget":18,"born_in_chaos_v1:stimulating_decoction":1,"minecraft:raw_iron":41,"minecraft:stick":5,"ancient_elements:palladium_helmet":1,"born_in_chaos_v1:shattered_skull":1,"minecraft:torch":33,"minecraft:acacia_log":55,"minecraft:green_bed":7,"epicfight:skillbook":2,"tombstone:grave_dust":1,"minecraft:diorite":15,"alexsmobs:leafcutter_ant_pupa":1,"gobber2:gobber2_foo":3,"minecraft:rotten_flesh":14,"ancient_elements:lead_boots":1,"minecraft:arrow":4,"soulslikeuniverse:estusflask":5,"minecraft:hay_block":19,"supplementaries:ash":8,"soulslikeuniverse:repairstone":2,"minecraft:cobblestone":153,"minecraft:rail":1,"born_in_chaos_v1:corpse_maggot":3,"minecraft:magma_block":1,"minecraft:andesite":26,"gobber2:gobber2_gooey_beefstew":4,"alexsmobs:acacia_blossom":1,"paraglider:spirit_orb":4,"minecraft:tuff":1,"supplementaries:flax_seeds":4,"minecraft:dirt":16,"soulslikeuniverse:giantsoul":1,"minecraft:bone":12,"gobber2:gobber2_gooey_beef":11,"minecraft:wheat_seeds":15,"minecraft:raw_gold":27,"minecraft:iron_ingot":2,"minecraft:gray_bed":1,"minecraft:acacia_sapling":5,"minecraft:iron_sword":1,"gobber2:gobber2_gooey_bread":8,"ancient_elements:aero_charge":2,"born_in_chaos_v1:ethereal_spirit":1,"minecraft:spider_eye":1,"minecraft:bundle":1,"minecraft:diamond":8,"minecraft:bone_meal":1,"born_in_chaos_v1:rotten_fish":3,"minecraft:coal":13,"gobber2:gobber2_goo":5,"minecraft:sunflower":3},"minecraft:killed":{"born_in_chaos_v1:zombie_clown":1,"born_in_chaos_v1:door_knight_not_despawn":1,"alexsmobs:tasmanian_devil":1,"born_in_chaos_v1:zombie_bruiser":1,"born_in_chaos_v1:maggot":7,"minecraft:skeleton":1,"alexsmobs:leafcutter_ant":2,"born_in_chaos_v1:corpse_fish":3,"ancient_elements:aetherial_glaze":1,"born_in_chaos_v1:decrepit_skeleton":1,"minecraft:zombie":1,"born_in_chaos_v1:door_knight":1,"minecraft:enderman":1},"minecraft:dropped":{"minecraft:water_bucket":1,"minecraft:iron_ingot":1,"born_in_chaos_v1:shattered_skull":1,"minecraft:wheat_seeds":1,"minecraft:diamond":8,"minecraft:stick":5,"minecraft:gray_bed":1,"minecraft:string":1,"minecraft:acacia_planks":37,"alexsmobs:acacia_blossom":1,"minecraft:raw_iron":40,"minecraft:rotten_flesh":5,"supplementaries:flax_seeds":2}},"DataVersion":3465}