{"stats":{"minecraft:dropped":{"minecraft:acacia_planks":5,"minecraft:stick":5},"minecraft:picked_up":{"minecraft:stick":3,"minecraft:wheat_seeds":1,"born_in_chaos_v1:ethereal_spirit":1,"minecraft:acacia_log":4,"minecraft:dirt":1,"minecraft:cobblestone":3},"minecraft:custom":{"minecraft:time_since_rest":8343,"minecraft:crouch_one_cm":3181,"minecraft:play_time":8343,"minecraft:sprint_one_cm":30681,"minecraft:damage_taken":53,"minecraft:walk_one_cm":18826,"minecraft:sneak_time":388,"minecraft:drop":5,"minecraft:jump":166,"minecraft:leave_game":1,"minecraft:time_since_death":8343,"minecraft:total_world_time":8343,"minecraft:interact_with_crafting_table":5,"minecraft:fall_one_cm":6616,"minecraft:fly_one_cm":64728},"minecraft:mined":{"minecraft:grass":14,"minecraft:acacia_log":4,"minecraft:grass_block":1,"minecraft:tall_grass":2,"minecraft:cobblestone":3,"minecraft:oak_leaves":1},"minecraft:crafted":{"minecraft:acacia_planks":16,"minecraft:crafting_table":1,"minecraft:stick":4,"minecraft:wooden_pickaxe":1},"minecraft:used":{"epicfight:skillbook":1,"minecraft:dirt":1,"minecraft:crafting_table":1,"alexsmobs:animal_dictionary":2,"minecraft:wooden_pickaxe":3,"soulslikeuniverse:dagger":1}},"DataVersion":3465}