{"stats":{"minecraft:custom":{"minecraft:mob_kills":36,"minecraft:interact_with_crafting_table":21,"minecraft:open_barrel":16,"minecraft:damage_dealt_resisted":710,"minecraft:leave_game":3,"minecraft:time_since_death":3727,"minecraft:climb_one_cm":120,"minecraft:sprint_one_cm":281479,"minecraft:walk_one_cm":571922,"minecraft:drop":43,"minecraft:damage_dealt_absorbed":136,"minecraft:play_time":119838,"minecraft:deaths":6,"minecraft:sneak_time":6168,"minecraft:walk_under_water_one_cm":26470,"minecraft:jump":2318,"minecraft:interact_with_brewingstand":1,"minecraft:interact_with_blast_furnace":21,"minecraft:walk_on_water_one_cm":22993,"minecraft:total_world_time":119838,"minecraft:interact_with_furnace":37,"minecraft:sleep_in_bed":4,"minecraft:time_since_rest":2708,"minecraft:damage_taken":4887,"minecraft:damage_dealt":5879,"minecraft:swim_one_cm":23782,"minecraft:fly_one_cm":583045,"minecraft:open_chest":27,"minecraft:crouch_one_cm":23957,"tombstone:undead_killed":17,"minecraft:fall_one_cm":51563},"minecraft:broken":{"minecraft:iron_pickaxe":1},"minecraft:used":{"gobber2:gobber2_goo":15,"gobber2:gobber2_gooey_bread":8,"minecraft:iron_sword":98,"minecraft:torch":102,"minecraft:dirt":5,"minecraft:tuff":1,"ancient_elements:cloud":2,"soulslikeuniverse:estusflask":3,"minecraft:furnace":2,"minecraft:gray_bed":5,"minecraft:acacia_planks":83,"minecraft:cobbled_deepslate":30,"epicfight:skillbook":2,"minecraft:water_bucket":33,"minecraft:stone_pickaxe":124,"minecraft:wooden_pickaxe":12,"minecraft:sugar_cane":1,"minecraft:crafting_table":4,"minecraft:blast_furnace":1,"gobber2:gobber2_gooey_beefstew":7,"minecraft:bread":17,"minecraft:iron_pickaxe":380,"minecraft:stone_axe":29,"minecraft:cobblestone":196,"minecraft:bucket":33,"alexsmobs:animal_dictionary":1,"soulslikeuniverse:dagger":179},"minecraft:crafted":{"ancient_elements:steel_helmet":1,"ancient_elements:steel_ingot":5,"minecraft:furnace":2,"minecraft:iron_boots":1,"ancient_elements:palladium_helmet":1,"minecraft:stone_pickaxe":1,"ancient_elements:lead_boots":1,"minecraft:wheat":314,"minecraft:wooden_pickaxe":1,"minecraft:iron_sword":2,"minecraft:stone_axe":1,"minecraft:bread":108,"minecraft:air":0,"minecraft:iron_chestplate":2,"ancient_elements:lead_ingot":4,"minecraft:stick":40,"minecraft:iron_pickaxe":1,"minecraft:iron_ingot":51,"ancient_elements:palladium_ingot":5,"minecraft:iron_leggings":2,"minecraft:gold_ingot":4,"minecraft:acacia_planks":68,"minecraft:torch":132},"minecraft:killed_by":{"iceandfire:ghost":1},"minecraft:mined":{"minecraft:tuff":1,"iceandfire:silver_ore":7,"ancient_elements:lead_ore":4,"minecraft:deepslate_diamond_ore":6,"minecraft:brewing_stand":1,"minecraft:granite":1,"minecraft:acacia_log":18,"gobber2:gobber2_lucky_block":15,"minecraft:spawner":3,"minecraft:large_fern":2,"minecraft:hay_block":36,"minecraft:furnace":2,"minecraft:iron_ore":19,"minecraft:fire":1,"minecraft:cobbled_deepslate":1,"minecraft:andesite":12,"minecraft:anvil":1,"minecraft:deepslate_iron_ore":20,"ancient_elements:palladium_ore":5,"minecraft:stone":186,"ancient_elements:steel_ore":5,"minecraft:acacia_leaves":3,"minecraft:crafting_table":6,"minecraft:torch":2,"minecraft:blast_furnace":2,"minecraft:campfire":1,"minecraft:copper_ore":3,"ancient_elements:deepslate_tin_ore":7,"minecraft:tall_grass":7,"minecraft:cobblestone":50,"minecraft:deepslate_gold_ore":19,"minecraft:sugar_cane":5,"minecraft:diorite":8,"minecraft:wall_torch":4,"supplementaries:urn":1,"minecraft:wheat":1,"minecraft:gray_bed":5,"gobber2:gobber2_lucky_block_deepslate":26,"minecraft:grass":63,"minecraft:coal_ore":65,"minecraft:sunflower":1,"minecraft:dirt":9,"minecraft:cobweb":6,"minecraft:acacia_planks":3,"minecraft:gold_ore":1,"minecraft:oak_leaves":1,"minecraft:deepslate":35,"minecraft:fern":10},"minecraft:picked_up":{"minecraft:iron_chestplate":1,"minecraft:charcoal":2,"minecraft:crafting_table":6,"minecraft:coarse_dirt":1,"minecraft:wheat":67,"minecraft:anvil":1,"ancient_elements:cloud":2,"minecraft:brewing_stand":1,"ancient_elements:raw_palladium":5,"minecraft:string":12,"minecraft:raw_copper":31,"minecraft:iron_leggings":1,"minecraft:cobbled_deepslate":30,"minecraft:iron_pickaxe":1,"minecraft:sugar_cane":9,"minecraft:furnace":2,"minecraft:iron_boots":1,"minecraft:raw_iron":79,"minecraft:stick":4,"ancient_elements:raw_steel":5,"ancient_elements:palladium_helmet":1,"minecraft:torch":38,"minecraft:acacia_log":17,"epicfight:skillbook":2,"ancient_elements:raw_tin":6,"minecraft:diorite":8,"minecraft:iron_horse_armor":1,"gobber2:gobber2_foo":1,"minecraft:arrow":6,"minecraft:rotten_flesh":13,"soulslikeuniverse:estusflask":2,"minecraft:hay_block":36,"supplementaries:ash":1,"soulslikeuniverse:repairstone":2,"minecraft:cobblestone":238,"born_in_chaos_v1:corpse_maggot":4,"minecraft:water_bucket":1,"minecraft:andesite":13,"gobber2:gobber2_gooey_beefstew":7,"alexsmobs:acacia_blossom":1,"ancient_elements:raw_lead":4,"paraglider:spirit_orb":6,"minecraft:tuff":1,"minecraft:dirt":5,"bhc:red_heart":2,"minecraft:bone":5,"minecraft:acacia_planks":40,"gobber2:gobber2_gooey_beef":9,"minecraft:wheat_seeds":11,"minecraft:raw_gold":20,"minecraft:rabbit_hide":15,"minecraft:iron_ingot":1,"tombstone:bag_of_seeds":1,"minecraft:gray_bed":7,"gobber2:gobber2_gooey_bread":9,"born_in_chaos_v1:ethereal_spirit":1,"minecraft:blast_furnace":2,"minecraft:spider_eye":3,"minecraft:diamond":14,"minecraft:granite":1,"minecraft:bread":8,"gobber2:gobber2_goo":15,"minecraft:coal":82,"iceandfire:raw_silver":7},"minecraft:killed":{"minecraft:cave_spider":3,"born_in_chaos_v1:restless_spirit":1,"minecraft:spider":2,"born_in_chaos_v1:maggot":9,"minecraft:skeleton":3,"ancient_elements:aetherial_glaze":1,"born_in_chaos_v1:decrepit_skeleton":3,"minecraft:zombie":10,"born_in_chaos_v1:corpse_fly":1,"soulslikeuniverse:badomengiant":1,"minecraft:enderman":1},"minecraft:dropped":{"minecraft:iron_sword":1,"gobber2:gobber2_foo":1,"minecraft:diamond":6,"minecraft:cobblestone":4,"minecraft:granite":1,"minecraft:coal":9,"minecraft:stick":1,"minecraft:diorite":8,"minecraft:brewing_stand":1,"minecraft:torch":64,"minecraft:gray_bed":2,"minecraft:iron_leggings":2,"minecraft:iron_pickaxe":1,"gobber2:gobber2_gooey_bread":1,"minecraft:coarse_dirt":1,"minecraft:raw_copper":31,"soulslikeuniverse:repairstone":2,"born_in_chaos_v1:ethereal_spirit":1,"gobber2:gobber2_gooey_beef":9,"minecraft:raw_iron":28,"minecraft:rotten_flesh":6,"minecraft:iron_boots":1,"ancient_elements:lead_boots":1,"soulslikeuniverse:estusflask":1,"ancient_elements:palladium_helmet":2,"ancient_elements:raw_tin":6,"supplementaries:ash":1,"minecraft:iron_chestplate":2,"minecraft:andesite":13,"born_in_chaos_v1:corpse_maggot":4,"minecraft:spider_eye":2,"minecraft:raw_gold":16,"epicfight:skillbook":2}},"DataVersion":3465}