{"stats":{"minecraft:dropped":{"minecraft:stick":1},"minecraft:picked_up":{"minecraft:stick":3,"minecraft:crafting_table":1,"minecraft:acacia_planks":5,"born_in_chaos_v1:ethereal_spirit":1,"minecraft:cobblestone":2},"minecraft:killed":{"born_in_chaos_v1:restless_spirit":1},"minecraft:custom":{"minecraft:time_since_rest":17339,"minecraft:crouch_one_cm":60,"minecraft:sprint_one_cm":14160,"minecraft:play_time":17339,"minecraft:damage_taken":172,"minecraft:walk_one_cm":16349,"minecraft:sneak_time":15,"minecraft:mob_kills":1,"minecraft:drop":1,"minecraft:jump":117,"minecraft:damage_dealt":304,"minecraft:leave_game":2,"minecraft:time_since_death":17339,"minecraft:total_world_time":17339,"minecraft:damage_dealt_absorbed":14,"minecraft:interact_with_crafting_table":3,"minecraft:fall_one_cm":5547,"minecraft:fly_one_cm":54053},"minecraft:mined":{"minecraft:grass":1,"minecraft:tall_grass":2,"minecraft:stone":2,"minecraft:crafting_table":1},"minecraft:crafted":{"minecraft:wooden_pickaxe":1},"minecraft:used":{"epicfight:skillbook":1,"minecraft:wooden_pickaxe":2,"soulslikeuniverse:dagger":12,"soulslikeuniverse:estusflask":1}},"DataVersion":3465}